{"cameraMode":{"drawMode":0,"name":"Shaded","section":"Shading Mode"},"sceneLighting":true,"audioPlay":false,"sceneViewState":{"m_AlwaysRefresh":false,"showFog":true,"showSkybox":true,"showFlares":true,"showImageEffects":true,"showParticleSystems":true,"showVisualEffectGraphs":true,"m_FxEnabled":true},"in2DMode":false,"pivot":{"x":-0.23514169454574586,"y":0.2909289598464966,"z":0.009344547986984253},"rotation":{"x":0.1848629266023636,"y":0.561984658241272,"z":-0.1305829882621765,"w":0.7955825328826904},"size":0.5304116606712341,"orthographic":false}